{"cameraMode":{"drawMode":0,"name":"Shaded","section":"Shading Mode"},"sceneLighting":false,"audioPlay":false,"sceneViewState":{"showFog":true,"showMaterialUpdate":false,"showSkybox":true,"showFlares":true,"showImageEffects":true,"showParticleSystems":true},"in2DMode":false,"pivot":{"x":271.1642150878906,"y":0.4112001061439514,"z":262.46051025390627},"rotation":{"x":-0.0006939099403098226,"y":0.9981681108474731,"z":-0.05935933068394661,"w":-0.011682639829814434},"size":2.4688656330108644,"orthographic":true}