{"cameraMode":{"drawMode":0,"name":"Shaded","section":"Shading Mode"},"sceneLighting":false,"audioPlay":false,"sceneViewState":{"showFog":true,"showMaterialUpdate":false,"showSkybox":true,"showFlares":true,"showImageEffects":true,"showParticleSystems":true},"in2DMode":false,"pivot":{"x":-0.4130859375,"y":0.949951171875,"z":-0.6617431640625},"rotation":{"x":0.09554684162139893,"y":-0.6293590068817139,"z":0.0783781111240387,"w":0.767225444316864},"size":5.911736011505127,"orthographic":true}