{"cameraMode":{"drawMode":0,"name":"Shaded","section":"Shading Mode"},"sceneLighting":false,"audioPlay":false,"sceneViewState":{"showFog":true,"showMaterialUpdate":false,"showSkybox":true,"showFlares":true,"showImageEffects":true,"showParticleSystems":true},"in2DMode":false,"pivot":{"x":270.4960632324219,"y":0.40666550397872927,"z":262.5010986328125},"rotation":{"x":-0.0006939099403098226,"y":0.9981681108474731,"z":-0.05935933068394661,"w":-0.011682639829814434},"size":1.8699593544006348,"orthographic":true}