{"cameraMode":{"drawMode":0,"name":"Shaded","section":"Shading Mode"},"sceneLighting":false,"audioPlay":false,"sceneViewState":{"showFog":true,"showMaterialUpdate":false,"showSkybox":true,"showFlares":true,"showImageEffects":true,"showParticleSystems":true},"in2DMode":false,"pivot":{"x":1.76953125,"y":-12.629150390625,"z":1.572265625},"rotation":{"x":0.03191060572862625,"y":-0.5555359721183777,"z":0.021340763196349145,"w":0.8306059241294861},"size":23.695369720458986,"orthographic":true}