{"cameraMode":{"drawMode":0,"name":"Shaded","section":"Shading Mode"},"sceneLighting":false,"audioPlay":false,"sceneViewState":{"showFog":true,"showMaterialUpdate":false,"showSkybox":true,"showFlares":true,"showImageEffects":true,"showParticleSystems":true},"in2DMode":false,"pivot":{"x":0.07500004768371582,"y":-0.25,"z":0.13999998569488526},"rotation":{"x":0.09554684162139893,"y":-0.6293590068817139,"z":0.0783781111240387,"w":0.767225444316864},"size":12.68751335144043,"orthographic":true}