{"cameraMode":{"drawMode":0,"name":"Shaded","section":"Shading Mode"},"sceneLighting":false,"audioPlay":false,"sceneViewState":{"showFog":true,"showMaterialUpdate":false,"showSkybox":true,"showFlares":true,"showImageEffects":true,"showParticleSystems":true},"in2DMode":false,"pivot":{"x":267.46160888671877,"y":0.4302530288696289,"z":262.6882629394531},"rotation":{"x":-0.0006939099403098226,"y":0.9981681108474731,"z":-0.05935933068394661,"w":-0.011682639829814434},"size":1.4888957738876343,"orthographic":true}