{"cameraMode":{"drawMode":0,"name":"Shaded","section":"Shading Mode"},"sceneLighting":false,"audioPlay":false,"sceneViewState":{"showFog":true,"showMaterialUpdate":false,"showSkybox":true,"showFlares":true,"showImageEffects":true,"showParticleSystems":true},"in2DMode":false,"pivot":{"x":460.5469665527344,"y":-0.000008635222911834717,"z":31.377681732177736},"rotation":{"x":-0.0006939099403098226,"y":0.9981681108474731,"z":-0.05935933068394661,"w":-0.011682639829814434},"size":0.9286699891090393,"orthographic":true}