{"cameraMode":{"drawMode":0,"name":"Shaded","section":"Shading Mode"},"sceneLighting":false,"audioPlay":false,"sceneViewState":{"showFog":true,"showMaterialUpdate":false,"showSkybox":true,"showFlares":true,"showImageEffects":true,"showParticleSystems":true},"in2DMode":false,"pivot":{"x":0.6030941009521484,"y":-1.4658111333847047,"z":-0.6680033206939697},"rotation":{"x":0.24859434366226197,"y":-0.46379590034484866,"z":0.13739298284053803,"w":0.839176595211029},"size":4.657884120941162,"orthographic":false}