{"cameraMode":{"drawMode":0,"name":"Shaded","section":"Shading Mode"},"sceneLighting":false,"audioPlay":false,"sceneViewState":{"showFog":true,"showMaterialUpdate":false,"showSkybox":true,"showFlares":true,"showImageEffects":true,"showParticleSystems":true},"in2DMode":false,"pivot":{"x":-3.569999933242798,"y":3.2900004386901857,"z":8.710000038146973},"rotation":{"x":0.07435522973537445,"y":-0.1232343390583992,"z":0.009259594604372979,"w":0.9895448088645935},"size":8.116390228271485,"orthographic":false}